Entry,ID,MAX_OCC,MaxOccNo,LAT,LON
1,006-0003,55,55,46.178714999999900,-103.372854000000000
2,006-0005,16,16,46.177444999999900,-103.410267000000000
3,006-0007,60,60,46.178051000000000,-103.399330000000000
4,006-0008,12,12,46.185772000000000,-103.405585000000000
5,006-0009,22,22,46.176318000000000,-103.410814000000000
6,006-0010,3,3,46.182448000000000,-103.397949999999000
7,006-0011,30,30,46.177165000000000,-103.399520000000000
8,006-0012,12,12,46.176918000000000,-103.398048000000000
9,006-0013,15,15,46.185772000000000,-103.405585000000000
10,006-0014,10,10,46.148969999999900,-103.151377999999000
11,006-0015,16,16,46.125236999999900,-103.823034000000000
12,013-0021,10,10,47.365903000000000,-102.755630000000000
13,013-0023,20,20,47.373936000000000,-102.755101000000000
14,013-0024,37,37,47.358561999999900,-102.727396000000000
15,013-0025,17,17,47.348399000000000,-102.338489000000000
16,013-0025,7,7,47.348399000000000,-102.338489000000000
17,013-0026,19,19,47.364964999999900,-102.754586000000000
18,017-0001,12,12,46.916840000000000,-103.998648000000000
19,017-0002,10,10,46.919352000000000,-104.007486000000000
20,017-0002,7,7,46.919352000000000,-104.007486000000000
21,017-0004,5,5,46.732477000000000,-103.984089000000000
22,017-0006,42,42,46.933653999999900,-103.968423000000000
23,027-0031,20,20,47.803251000000000,-103.279901000000000
24,027-0032,6,6,47.834304000000000,-103.642354999999000
25,027-0033,3,3,47.746735999999900,-103.280539000000000
26,027-0034,12,12,47.746735999999900,-103.280539000000000
27,027-0036,609,609,47.850841000000000,-104.036472000000000
28,027-0037,12,12,47.819392999999900,-103.540964000000000
29,027-0038,UNKNOWN,UNK,47.799673000000000,-103.290314000000000
30,027-0040,8,8,47.785713000000000,-103.286647000000000
31,027-0041,16,16,47.810419000000000,-103.471825000000000
32,027-0042,5,5,47.958376999999900,-102.941376000000000
33,031-0008,1,1,48.338318000000000,-102.230133000000000
34,017-0008,10,10,46.933653999999900,-103.968423000000000
35,021-0002,8,8,46.542478000000000,-102.863619000000000
36,021-0003,19,19,46.420549000000000,-102.558401000000000
37,021-0004,12,12,46.420834999999900,-102.553088000000000
38,021-0006,19,19,46.369470000000000,-102.318119999999000
39,021-0007,17,17,46.493349000000000,-102.801627999999000
40,021-0008,14,14,46.375675000000000,-102.322168000000000
41,021-0009,11,11,46.420381999999900,-102.556273000000000
42,021-0010,12,12,46.418438999999900,-102.288844000000000
43,021-0011,4,4,46.493349000000000,-102.801627999999000
44,027-0002,16,16,47.797772000000000,-103.289029000000000
45,027-0003,24,24,47.785387000000000,-102.941722000000000
46,027-0005,85,85,47.834221999999900,-103.327893000000000
47,027-0006,26,26,47.810419000000000,-103.471825000000000
48,027-0007,54,54,47.799345000000000,-103.283109000000000
49,027-0009,144,144,47.804862999999900,-103.594358000000000
50,027-0010,36,36,47.799106000000000,-103.265873000000000
51,027-0011,26,26,47.799345000000000,-103.283109000000000
52,027-0013,10,10,47.847776000000000,-104.041808000000000
53,027-0014,36,36,47.919606999999900,-102.955383000000000
54,027-0015,17,17,47.791589999999900,-103.300321999999000
55,027-0016,13,13,47.805841999999900,-103.275772000000000
56,027-0018,5,5,47.835272000000000,-103.640690000000000
57,027-0019,9,9,47.835272000000000,-103.640690000000000
58,027-0021,18,18,47.850841000000000,-104.036472000000000
59,027-0021,10,10,47.850841000000000,-104.036472000000000
60,027-0022,25,25,47.850841000000000,-104.036472000000000
61,027-0024,15,15,47.801108999999900,-103.285985999999000
62,027-0025,240,240,47.689076999999900,-103.261737999999000
63,027-0026,8,8,47.805473999999900,-103.441687000000000
64,027-0027,12,12,47.851275000000000,-104.046390000000000
65,027-0029,36,36,47.799345000000000,-103.283109000000000
66,027-0030,15,15,47.803221999999900,-103.286131999999000
67,006-0016,48,48,46.106608000000000,-103.419923000000000
68,007-0001,30,30,48.577081999999900,-102.865454000000000
69,007-0001,40,40,48.577081999999900,-102.865454000000000
70,007-0006,10,10,48.559244999999900,-102.646669000000000
71,012-0001,7,7,48.728239000000000,-103.049988000000000
72,012-0002,4,4,48.868986999999900,-103.547341000000000
73,012-0002,4,4,48.868986999999900,-103.547341000000000
74,012-0003,4,4,48.636645000000000,-102.931706000000000
75,012-0005,UNKNOWN,UNK,48.990224000000000,-103.489182000000000
76,001-0001,9,9,46.191749000000000,-102.663522000000000
77,001-0002,8,8,46.134442999999900,-102.927032999999000
78,001-0003,12,12,46.134442999999900,-102.927032999999000
79,001-0004,24,24,45.999245999999900,-102.636534000000000
80,004-0001,200,200,46.869103000000000,-103.304073000000000
81,004-0003,10,10,47.125292000000000,-103.203576000000000
82,004-0004,10,10,47.127735999999900,-103.204800000000000
83,004-0005,26,26,47.124257000000000,-103.197872000000000
84,004-0008,10,10,47.284753000000000,-103.286924000000000
85,004-0009,17,17,47.127946000000000,-103.203025000000000
86,004-0011,150,150,46.909106999999900,-103.524820000000000
87,004-0012,4,4,46.889963000000000,-103.526394000000000
88,027-0044,86,86,47.799345000000000,-103.283109000000000
89,027-0046,19,19,47.846077000000000,-103.643888000000000
90,027-0048,12,12,47.804867000000000,-103.591887000000000
91,027-0049,8,8,47.861626999999900,-104.043948000000000
92,029-0001,UNKNOWN,UNK,47.278034000000000,-101.781635000000000
93,029-0004,14,14,47.259759000000000,-101.778358999999000
94,029-0005,8,8,47.259759000000000,-101.778358999999000
95,029-0006,13,13,47.118527999999900,-101.933471000000000
96,029-0007,6,6,47.304330999999900,-101.622673000000000
97,029-0008,28,28,47.511273000000000,-101.453419999999000
98,029-0009,38,38,47.274335000000000,-101.783077000000000
99,012-0021,4,4,48.888026000000000,-103.008313000000000
100,012-0022,40,40,48.908124999999900,-103.290088999999000
101,012-0023,33,33,48.833294000000000,-103.272863000000000
102,012-0025,10,10,48.886501000000000,-103.007816000000000
103,013-0001,200,200,47.223298000000000,-102.765593999999000
104,013-0002,110,110,47.226441999999900,-102.773785000000000
105,013-0003,300,300,47.359366000000000,-102.793122999999000
106,013-0004,1650,1650,47.020994000000000,-102.678116000000000
107,013-0005,50,50,47.372740000000000,-102.734077000000000
108,013-0006,500,500,47.019587999999900,-102.807565999999000
109,013-0007,300,300,47.367162000000000,-102.793228000000000
110,013-0008,252,252,47.363073999999900,-102.790466000000000
111,013-0009,38,38,47.392474999999900,-102.766050000000000
112,013-0010,UNKNOWN,UNK,47.545665000000000,-102.736099000000000
113,013-0011,UNKNOWN,UNK,47.366778000000000,-102.858996000000000
114,013-0012,86,86,47.357650000000000,-102.748033000000000
115,013-0012,6,6,47.357650000000000,-102.748033000000000
116,013-0013,44,44,47.366596999999900,-102.752826000000000
117,013-0014,4,4,47.055342000000000,-102.280794000000000
118,013-0015,10,10,47.354472999999900,-102.617996000000000
119,013-0016,22,22,47.270173000000000,-102.909156000000000
120,013-0019,10,10,47.312657999999900,-102.429990000000000
121,013-0020,24,24,47.472282999999900,-102.889533000000000
122,004-0012,16,16,46.889963000000000,-103.526394000000000
123,004-0014,UNKNOWN,UNK,46.910584000000000,-103.522428000000000
124,004-0015,114,114,46.765346000000000,-103.435308000000000
125,004-0016,22,22,46.765346000000000,-103.435308000000000
126,004-0017,141,141,46.910003000000000,-103.523983000000000
127,004-0019,8,8,46.765346000000000,-103.435308000000000
128,004-0020,16,16,46.959609000000000,-103.598533000000000
129,004-0021,12,12,46.765346000000000,-103.435308000000000
130,004-0022,10,10,47.124735999999900,-103.328978000000000
131,004-0023,76,76,46.912654000000000,-103.521461000000000
132,006-0001,13,13,46.106608000000000,-103.419923000000000
133,012-0008,4,4,48.948974999999900,-103.914308000000000
134,012-0009,4,4,48.948686000000000,-103.383054000000000
135,012-0010,2,2,48.808231999999900,-103.643786000000000
136,012-0011,9,9,48.660353999999900,-102.922088000000000
137,012-0011,1,1,48.660353999999900,-102.922088000000000
138,012-0012,1,1,48.665472000000000,-103.580239000000000
139,012-0012,10,10,48.665472000000000,-103.580239000000000
140,012-0014,50,50,48.967230000000000,-103.405002999999000
141,012-0017,4,4,48.852037000000000,-103.663745000000000
142,012-0020,5 SU,5,48.636886000000000,-103.325434000000000
143,012-0020,10,10,48.636886000000000,-103.325434000000000
144,006-0002,40,40,46.177895000000000,-103.405472000000000
145,031-0030,22,22,48.421739000000000,-102.661085000000000
146,031-0031,2,2,48.421739000000000,-102.661085000000000
147,031-0032,UNKNOWN,UNK,47.941402000000000,-102.216501000000000
148,031-0033,UNKNOWN,UNK,48.297938000000000,-102.480573000000000
149,031-0034,20,20,48.480750000000000,-102.423106000000000
150,031-0035,1,1,48.339494000000000,-102.227924000000000
151,031-0036,13 SU,13,48.317198000000000,-102.591558000000000
152,031-0036,14,14,48.313401000000000,-102.600433000000000
153,031-0037,8 SU,8,48.317198000000000,-102.591558000000000
154,031-0037,15,15,48.317198000000000,-102.591558000000000
155,031-0048,1,1,47.978703000000000,-102.402674000000000
156,031-0049,1,1,48.339310000000000,-102.227045000000000
157,031-0050,1,1,48.339441000000000,-102.227045000000000
158,031-0051,25,25,48.317206000000000,-102.589792000000000
159,031-0052,25,25,48.314924000000000,-102.590219000000000
160,031-0053,60,60,48.314924000000000,-102.590219000000000
161,031-0054,1,1,48.338720000000000,-102.228662000000000
162,031-0055,60,60,48.306685000000000,-102.441858000000000
163,031-0056,24,24,48.065090000000000,-102.370181000000000
164,031-0057,UNKNOWN,UNK,48.334487000000000,-101.976306000000000
165,031-0058,8 SU,8,48.326455000000000,-102.301347000000000
166,031-0037,54,8,48.317198000000000,-102.591558000000000
167,031-0038,1,1,48.338734000000000,-102.232573000000000
168,031-0039,12,12,48.370357000000000,-102.362132000000000
169,031-0040,12,12,48.326564000000000,-102.301340000000000
170,031-0041,UNKNOWN,UNK,48.327754000000000,-102.337903000000000
171,031-0042,1,1,48.152923000000000,-102.247342000000000
172,031-0043,2 APART,2,48.342767000000000,-102.238992000000000
173,031-0044,23,23,48.342767000000000,-102.238992000000000
174,031-0045,23,23,48.357167000000000,-102.391623000000000
175,031-0046,9,9,48.456766000000000,-102.593634000000000
176,031-0047,15,15,48.456766000000000,-102.593634000000000
177,029-0011,8,8,47.118528000000000,-101.933471000000000
178,031-0001,16 SU,10,48.317487000000000,-102.591628000000000
179,031-0001,3,3,48.317487000000000,-102.591628000000000
180,031-0002,1,1,48.341588000000000,-102.285109000000000
181,031-0003,5,5,48.487864000000000,-102.525051000000000
182,031-0003,10,10,48.487864000000000,-102.525051000000000
183,031-0004,10 SU,10,48.032975000000000,-102.416244000000000
184,031-0004,4,4,48.032083000000000,-102.415997000000000
185,031-0005,UNKNOWN,UNK,48.065122000000000,-102.350776000000000
186,031-0006,6,6,48.309785000000000,-102.591435000000000
187,031-0006,20,20,48.309785000000000,-102.591435000000000
188,031-0007,2,2,48.338318000000000,-102.230133000000000
189,029-0012,6,6,47.284889000000000,-102.059860000000000
190,029-0013,6,6,47.284889000000000,-102.059860000000000
191,029-0014,57,57,47.299362000000000,-101.611578000000000
192,029-0017,23,23,47.458549000000000,-101.716238000000000
193,029-0018,3,3,47.118528000000000,-101.933471000000000
194,029-0019,7,7,47.263152000000000,-101.785762000000000
195,029-0020,3,3,47.267002000000000,-101.774937000000000
196,029-0020,51,51,47.267002000000000,-101.774937000000000
197,029-0021,37,37,47.298023000000000,-101.626153000000000
198,029-0022,7,7,47.295510000000000,-101.630243000000000
199,029-0023,19,19,47.285602000000000,-101.926542000000000
200,031-0009,26,26,48.321504000000000,-102.546990000000000
201,031-0010,UNKNOWN,UNK,48.321210000000000,-102.074889000000000
202,031-0011,UNKNOWN,UNK,48.320987000000000,-102.312424000000000
203,031-0012,100,100,48.313473000000000,-102.053197000000000
204,031-0013,21,21,48.312518000000000,-102.539704000000000
205,031-0014,2,2,48.153610000000000,-102.354575000000000
206,031-0015,1,1,48.339235000000000,-102.225544000000000
207,031-0016,100,100,48.328322000000000,-102.338867000000000
208,031-0017,UNKNOWN,UNK,48.102788000000000,-102.229738000000000
209,031-0018,UNKNOWN,UNK,48.306117000000000,-102.568251000000000
210,031-0019,10,10,48.431305000000000,-102.390586000000000
211,031-0020,5,5,47.972596000000000,-101.935690000000000
212,031-0021,UNKNOWN,UNK,48.314257000000000,-102.528572000000000
213,031-0022,UNKNOWN,UNK,48.334472000000000,-102.084149000000000
214,031-0023,6 SU,6,48.024157000000000,-102.351466000000000
215,031-0023,18,18,48.024157000000000,-102.351466000000000
216,031-0024,10,10,48.327199000000000,-102.245159000000000
217,031-0025,UNKNOWN,UNK,48.323588000000000,-102.245218000000000
218,031-0026,1,1,48.337979000000000,-102.226426000000000
219,031-0027,260,260,48.320117000000000,-102.666595000000000
220,031-0028,1,1,48.338129000000000,-102.230133000000000
221,031-0029,20,20,48.503840000000000,-102.593651000000000
222,045-0039,6,6,46.883399000000000,-102.312484000000000
223,045-0040,5,5,46.902309000000000,-102.419495000000000
224,045-0041,59,59,46.892465000000000,-102.807490000000000
225,045-0042,10,10,46.878888000000000,-102.770908000000000
226,045-0042,10,10,46.878888000000000,-102.770908000000000
227,045-0043,59,59,46.877650000000000,-102.788702000000000
228,045-0044,8,8,46.904996000000000,-102.415879000000000
229,045-0045,54,54,46.893980000000000,-102.792612000000000
230,045-0046,13,13,46.790471000000000,-102.893856000000000
231,053-0001,5,5,48.118614000000000,-103.726033000000000
232,053-0002,180,180,48.317989000000000,-103.052422000000000
233,053-0003,111,111,48.217157000000000,-103.630142000000000
234,053-0004,116,116,48.216243000000000,-103.628934000000000
235,053-0005,200,200,48.221032000000000,-103.623447000000000
236,053-0006,526,526,48.221087000000000,-103.623453000000000
237,053-0007,374,374,48.222629000000000,-103.624133000000000
238,053-0008,32,32,48.210307000000000,-103.656472000000000
239,053-0009,20,20,48.141562000000000,-103.910432000000000
240,053-0010,7,7,48.228477000000000,-103.609078000000000
241,053-0011,2,2,48.142829000000000,-103.849794000000000
242,053-0012,15,15,48.141762000000000,-103.843845000000000
243,053-0013,6,6,48.137421000000000,-103.715261000000000
244,031-0059,UNKNOWN,UNK,48.028138000000000,-101.964197000000000
245,031-0060,UNKNOWN,UNK,48.550652000000000,-102.342349000000000
246,031-0061,50,50,48.364394000000000,-102.391531000000000
247,031-0062,24,24,48.316853000000000,-102.590594000000000
248,031-0062,30,30,48.316853000000000,-102.590594000000000
249,031-0063,75,75,48.378149000000000,-102.774521000000000
250,031-0064,10,10,48.377694000000000,-102.774514000000000
251,031-0066,8,8,48.104551000000000,-101.992954000000000
252,031-0067,7,7,48.339580000000000,-102.227601000000000
253,031-0069,4,4,48.339642000000000,-102.224449000000000
254,031-0070,20,20,48.301799000000000,-102.375073000000000
255,031-0071,24,24,48.306972000000000,-102.389795000000000
256,031-0072,32,32,47.983035000000000,-102.482901000000000
257,031-0073,4,4,48.364394000000000,-102.391531000000000
258,031-0074,19,19,48.312700000000000,-102.341439000000000
259,031-0075,UNKNOWN,UNK,48.364394000000000,-102.391531000000000
260,031-0076,46,46,47.973750000000000,-102.493534000000000
261,031-0076,61,61,47.973750000000000,-102.493534000000000
262,031-0077,60,60,47.919771000000000,-102.288127000000000
263,031-0078,27,27,47.956607000000000,-102.133494000000000
264,031-0079,114,114,47.746380000000000,-102.124197000000000
265,031-0081,358,358,48.364394000000000,-102.391531000000000
266,031-0084,3,3,48.380290000000000,-102.773511000000000
267,031-0085,96,96,48.308916000000000,-102.396683000000000
268,031-0086,60,60,48.298145000000000,-102.378885000000000
269,031-0087,40,40,48.308985000000000,-102.396840000000000
270,031-0089,20,20,48.312648000000000,-102.390488000000000
271,031-0090,14,14,48.312594000000000,-102.390542000000000
272,031-0091,21,21,47.980611000000000,-102.482583000000000
273,031-0091,8,8,47.980611000000000,-102.482583000000000
274,031-0092,26,26,48.314254000000000,-102.396020000000000
275,031-0093,30,30,48.380430610000000,-102.773275030000000
276,031-0094,14,14,48.380430610000000,-102.773275030000000
277,031-0095,15,15,47.980605000000000,-102.478204000000000
278,045-0001,UNKNOWN,UNK,46.898489000000000,-102.787871000000000
279,045-0002,97,97,46.897911000000000,-102.791250000000000
280,045-0003,18,18,46.887072000000000,-103.203697000000000
281,045-0004,20,20,46.879994000000000,-103.199296000000000
282,045-0005,UNKNOWN,UNK,46.898841000000000,-102.793359000000000
283,045-0006,16,16,46.861812000000000,-102.988702000000000
284,045-0007,40,40,46.890753000000000,-103.201630000000000
285,045-0008,58,58,46.871140000000000,-102.810600000000000
286,045-0009,70,70,46.905176000000000,-102.801262000000000
287,045-0010,UNKNOWN,UNK,46.898154000000000,-102.795798000000000
288,045-0011,30,30,46.876977000000000,-102.622359000000000
289,045-0012,9,9,46.731446000000000,-102.648804000000000
290,045-0013,22,22,46.890593000000000,-103.193779000000000
291,045-0014,4,4,46.834606000000000,-102.550867000000000
292,045-0015,50,50,46.845986000000000,-103.156625000000000
293,045-0017,77,77,46.898045000000000,-102.785238000000000
294,045-0018,250,250,46.861494000000000,-102.787481000000000
295,045-0019,7,7,46.900238000000000,-102.419227000000000
296,045-0019,4,4,46.900238000000000,-102.419227000000000
297,045-0020,UNKNOWN,UNK,46.897297000000000,-102.785334000000000
298,045-0021,7,7,46.900238000000000,-102.419227000000000
299,045-0023,79,79,46.894757000000000,-102.792184000000000
300,045-0025,UNKNOWN,UNK,46.900268000000000,-102.795838000000000
301,045-0027,28,28,46.878041000000000,-102.776493000000000
302,045-0029,12,12,46.890809000000000,-103.183711000000000
303,045-0030,UNKNOWN,UNK,46.879142000000000,-102.800133000000000
304,045-0032,40,40,46.892377000000000,-102.789679000000000
305,045-0033,12,12,46.890748000000000,-103.198343000000000
306,045-0035,10,10,46.851903000000000,-103.744478000000000
307,045-0036,119,119,46.893870000000000,-102.786198000000000
308,045-0037,30,30,46.879143000000000,-102.801716000000000
309,045-0038,192,192,46.899213000000000,-102.794661000000000
310,053-0064,24,24,48.252297000000000,-103.554090000000000
311,053-0065,6,6,48.169776000000000,-103.727289000000000
312,053-0066,420,420,48.251894000000000,-103.622742000000000
313,053-0067,24,24,48.157198000000000,-103.737889000000000
314,053-0069,31,31,48.225371000000000,-103.588047000000000
315,053-0070,32,32,48.223987000000000,-103.583855000000000
316,053-0071,2,2,48.141263000000000,-103.844206000000000
317,053-0072,25,25,48.340212000000000,-103.022356000000000
318,053-0073,48,48,48.141354000000000,-103.754593000000000
319,053-0074,12,12,48.142211000000000,-103.722386000000000
320,053-0086,3,3,48.148907000000000,-103.693016000000000
321,053-0087,180,180,48.268868000000000,-103.619952000000000
322,053-0088,8,8,48.227007000000000,-103.621519000000000
323,053-0089,892,892,48.340306000000000,-103.029067000000000
324,053-0090,20,20,48.287898000000000,-103.598827000000000
325,053-0091,12,12,48.122254000000000,-103.725821000000000
326,053-0092,89,89,48.346093000000000,-102.909764000000000
327,053-0092,7,7,48.346093000000000,-102.909764000000000
328,053-0093,2,2,48.227293000000000,-103.574504000000000
329,053-0094,6,6,48.168632000000000,-103.108777000000000
330,053-0095,148,148,48.293851000000000,-103.694446000000000
331,053-0075,44,44,48.364784000000000,-102.931915000000000
332,053-0076,9,9,48.147381000000000,-103.693424000000000
333,053-0077,2,2,48.147884000000000,-103.541573000000000
334,053-0078,13,13,48.147601000000000,-103.541774000000000
335,053-0079,50,50,48.150041000000000,-103.690410000000000
336,053-0080,18,18,48.147618000000000,-103.689259000000000
337,053-0081,34,34,48.173125390000000,-103.161881000000000
338,053-0082,343,343,48.077934000000000,-103.818243000000000
339,053-0083,60,60,48.123024000000000,-103.726624000000000
340,053-0084,25,25,48.122733000000000,-103.730364000000000
341,053-0085,3,3,48.183331000000000,-103.818188000000000
342,053-0014,56,56,48.228498000000000,-103.609764000000000
343,053-0025,60,60,48.283189000000000,-103.407894000000000
344,053-0026,20,20,48.142741000000000,-103.700145000000000
345,053-0027,12,12,48.118599000000000,-103.724675000000000
346,053-0028,3,3,48.137783000000000,-103.713783000000000
347,053-0029,48,48,48.170668000000000,-103.921746000000000
348,053-0030,16,16,48.132664000000000,-103.950182000000000
349,053-0031,8,8,48.569406000000000,-103.589699000000000
350,053-0035,4,4,48.120585000000000,-103.725269000000000
351,053-0036,5,5,48.122260000000000,-103.725790000000000
352,053-0037,3,3,48.138494000000000,-103.697766000000000
353,007-0014,6,6,48.876312000000000,-102.567984000000000
354,053-0015,58,58,48.175991000000000,-103.770239000000000
355,053-0016,16,16,48.142190000000000,-103.722358000000000
356,053-0017,100,100,48.142397000000000,-103.722708000000000
357,053-0018,276,276,48.343652000000000,-103.038928000000000
358,053-0019,6,6,48.312873000000000,-103.613741000000000
359,053-0020,8,8,48.342740000000000,-102.935051000000000
360,053-0021,8,8,48.141658000000000,-103.716914000000000
361,053-0021,2,2,48.141658000000000,-103.716914000000000
362,053-0021,30,30,48.141658000000000,-103.716914000000000
363,053-0022,248,248,48.246680000000000,-103.622414000000000
364,053-0023,60,60,48.246680000000000,-103.622414000000000
365,053-0038,450,450,48.258476000000000,-103.615888000000000
366,053-0039,15,15,48.283260000000000,-102.912238000000000
367,053-0040,6,6,48.138972000000000,-103.717496000000000
368,053-0041,10,10,48.147421000000000,-103.738171000000000
369,053-0045,28,28,48.243640000000000,-103.643285000000000
370,053-0046,9,9,48.184406000000000,-103.041037000000000
371,053-0048,6,6,48.146332000000000,-103.855310000000000
372,053-0049,24,24,48.144855000000000,-103.672507000000000
373,053-0050,48,48,48.172283000000000,-103.767367000000000
374,053-0051,16,16,48.400639000000000,-103.063672000000000
375,053-0052,UNKNOWN,UNK,48.136697000000000,-103.857786000000000
376,053-0053,216,216,48.246594000000000,-103.622273000000000
377,053-0054,152,152,48.246594000000000,-103.622273000000000
378,053-0055,350,350,48.246594000000000,-103.622273000000000
379,053-0056,20,20,48.187215000000000,-103.772895000000000
380,053-0057,30,30,48.123268000000000,-103.535218000000000
381,053-0058,8,8,48.059787000000000,-103.857894000000000
382,053-0059,20,20,48.169624000000000,-103.131548000000000
383,053-0060,151,151,48.060101000000000,-103.857009000000000
384,053-0061,343,343,48.074204000000000,-103.834025000000000
385,053-0062,3,3,48.227716000000000,-103.718028000000000
386,053-0063,UNKNOWN,UNK,48.214292000000000,-103.624480000000000
387,007-0004,10,10,48.619062000000000,-102.386183000000000
388,007-0005,25,25,48.558916000000000,-102.644430000000000
389,007-0007,10,10,48.803959370000000,-102.250124030000000
390,007-0008,6,6,48.905114000000000,-102.778868000000000
391,007-0009,50,50,48.905129000000000,-102.782362000000000
392,007-0010,20,20,48.758915810000000,-102.320180950000000
393,007-0011,10,10,48.993535000000000,-102.546031000000000
394,007-0012,UNKNOWN,UNK,48.878358000000000,-102.563348000000000
395,007-0013,6,6,48.878329000000000,-102.563432000000000
396,051-0016,244,244,48.225422000000000,-101.247251000000000
397,007-0015,18,18,48.906470000000000,-102.778975000000000
398,007-0016,7,7,48.875437000000000,-102.568068000000000
399,007-0017,44,44,48.922339120000000,-102.268907140000000
400,007-0018,6,6,48.905146000000000,-102.778975000000000
401,007-0019,UNKNOWN,UNK,48.575273000000000,-102.850946000000000
402,025-0001,20,20,48.263467000000000,-100.842577000000000
403,027-0023,100,100,47.742254200000000,-103.277746400000000
404,027-0045,49,49,47.752751180000000,-103.283240570000000
405,028-0001,UNKNOWN,UNK,47.737298000000000,-102.043526000000000
406,053-0096,24,24,48.168714000000000,-103.726314000000000
407,053-0097,496,496,48.246097000000000,-103.621590000000000
408,053-0099,40,40,48.395190000000000,-102.934122000000000
409,053-0100,30,30,48.444075000000000,-103.733122000000000
410,053-0101,17,17,48.347615000000000,-103.160199000000000
411,053-0102,7,7,48.342477000000000,-103.159880000000000
412,053-0103,100,100,48.208499000000000,-103.623342000000000
413,053-0105,86,86,48.171265000000000,-103.653491000000000
414,053-0104,60,60,48.216721000000000,-103.625957000000000
415,053-0106,250,250,48.171265000000000,-103.653491000000000
416,053-0107,50,50,48.140320000000000,-103.841516000000000
417,053-0108,83,83,48.341917000000000,-102.828279000000000
418,053-0109,6,6,48.175473000000000,-103.613287000000000
419,053-0110,91,91,48.161179000000000,-103.625940000000000
420,053-0111,4,4,48.346436000000000,-103.159423000000000
421,053-0112,108,108,48.169191000000000,-103.635480000000000
422,053-0112,10,10,48.169191000000000,-103.635480000000000
423,053-0115,70,70,48.153507000000000,-103.776869000000000
424,053-0116,48,48,48.346006000000000,-102.936857000000000
425,053-0119,79,79,48.179464000000000,-103.630309000000000
426,053-0120,3,3,48.346419000000000,-103.160184000000000
427,053-0122,4,4,48.249630000000000,-103.129402000000000
428,053-0123,UNKNOWN,UNK,48.160313000000000,-103.646006000000000
429,053-0125,UNKNOWN,UNK,48.180653000000000,-103.628790000000000
430,053-0126,UNKNOWN,UNK,48.176886000000000,-103.626804000000000
431,053-0128,42,42,48.400679000000000,-102.940574000000000
432,053-0128,15,15,48.400679000000000,-102.940574000000000
433,053-0129,40,40,48.141509000000000,-103.680605000000000
434,053-0130,21,21,48.619714000000000,-103.940769000000000
435,053-0130,4,4,48.619714000000000,-103.940769000000000
436,053-0131,25,25,48.398467000000000,-103.022857000000000
437,053-0132,10,10,48.188088000000000,-103.646764000000000
438,053-0133,20,20,48.144765000000000,-103.620046000000000
439,053-0134,22,22,48.293851000000000,-103.694446000000000
440,053-0135,225,225,48.174367000000000,-103.651283000000000
441,053-0136,71,71,48.398467000000000,-103.022857000000000
442,053-0136,20,20,48.398467000000000,-103.022857000000000
443,053-0139,UNKNOWN,UNK,48.166914000000000,-103.625580000000000
444,053-0140,1003,1003,48.247401000000000,-103.622903000000000
445,053-0142,25,25,48.400648000000000,-102.940409000000000
446,053-0142,51,51,48.400648000000000,-102.940409000000000
447,053-0143,30,30,48.396548000000000,-102.934851000000000
448,053-0146,300,300,48.141664000000000,-103.844036000000000
449,013-0029,7,7,47.358554450000000,-102.727385290000000
450,028-0005,25,25,47.459103300000000,-101.146446680000000
451,053-0071,12,12,48.141255460000000,-103.844194850000000
452,053-0150,209,209,48.328833420000000,-103.621413870000000
453,053-0151,6,6,48.228126430000000,-103.610764890000000
454,053-0152,150,150,48.145478440000000,-103.586276910000000
455,053-0153,11,11,48.364776350000000,-102.931904040000000
456,053-0154,UNKNOWN,UNK,48.287877430000000,-103.679716860000000
457,053-0155,20,20,48.227089430000000,-103.578604900000000
458,053-0156,56,56,48.215769440000000,-103.677099880000000
459,053-0158,6,6,48.248876400000000,-103.346377950000000
460,053-0159,12,12,48.184077470000000,-103.950971810000000
461,053-0162,24,24,48.132487450000000,-103.722886880000000
462,053-0163,9,9,48.150927460000000,-103.846943850000000
463,053-0164,6,6,48.144787440000000,-103.608059910000000
464,053-0166,727,727,48.126623460000000,-103.857905850000000
465,053-0167,10,10,48.151496440000000,-103.587872910000000
466,053-0168,500,500,48.141110450000000,-103.709485880000000
467,005-0001,14,14,48.806256000000000,-100.543623000000000
468,005-0002,25,25,48.986451000000000,-100.379650000000000
469,005-0003,18,18,48.826342000000000,-100.445784000000000
470,005-0004,96,96,48.807614000000000,-100.445846000000000
471,007-0002,24,24,48.758729910000000,-102.319893530000000
472,007-0003,10,10,48.879722000000000,-102.515776000000000
473,051-0036,96,96,48.212352000000000,-101.263156000000000
474,051-0037,4,4,48.213175000000000,-101.187915000000000
475,051-0038,138,138,48.225866000000000,-101.728180000000000
476,051-0039,100,100,48.213258000000000,-101.317622000000000
477,051-0040,310,310,48.202321000000000,-101.287895000000000
478,053-0114,98,98,48.156939000000000,-103.652677000000000
479,053-0118,88,88,48.179593000000000,-103.627905000000000
480,053-0121,100,100,48.140320000000000,-103.841517000000000
481,053-0032,300,300,48.136802000000000,-103.847139000000000
482,005-0011,UNKNOWN,UNK,48.909585870000000,-101.016166020000000
483,006-0017,26,26,46.187732230000000,-103.403198090000000
484,007-0020,2,2,48.638368170000000,-102.668825420000000
485,007-0021,38,38,48.994227810000000,-102.544856980000000
486,007-0022,6,6,48.902575780000000,-102.780568700000000
487,007-0023,4,4,48.803047740000000,-102.246204830000000
488,007-0024,6,6,48.560291520000000,-102.638436650000000
489,007-0025,13,13,48.758028840000000,-102.319119740000000
490,021-0012,11,11,46.543812050000000,-102.859018090000000
491,025-0002,12,12,47.925444790000000,-100.372243770000000
492,027-0050,7,7,47.689069200000000,-103.261726730000000
493,053-0042,2,2,48.143220000000000,-103.713391000000000
494,053-0043,30,30,48.143299000000000,-103.713035000000000
495,053-0044,10,10,48.281579000000000,-102.934593000000000
496,053-0047,8,8,48.227097000000000,-103.578616000000000
497,001-0005,5,5,46.002224820000000,-102.642399670000000
498,005-0005,16,16,48.909413490000000,-101.019446220000000
499,005-0006,3,3,48.629271950000000,-101.376063490000000
500,005-0007,46,46,48.820853450000000,-100.438682990000000
501,005-0008,44,44,48.968451870000000,-100.380787730000000
502,005-0009,31,31,48.820938000000000,-100.436881050000000
503,005-0010,29,29,48.820635740000000,-100.449769000000000
504,038-0001,20,20,48.763467000000000,-101.520779000000000
505,051-0007,54,54,48.228602000000000,-101.216856000000000
506,051-0008,50,50,48.180940000000000,-101.295450000000000
507,051-0009,136,136,48.219413000000000,-101.295953000000000
508,051-0010,65,65,48.213207000000000,-101.251463000000000
509,051-0011,70,70,48.221003000000000,-101.317786000000000
510,051-0012,17,17,48.229745000000000,-101.252688000000000
511,051-0013,54,54,48.223683000000000,-101.247276000000000
512,051-0014,5,5,48.229054000000000,-101.232504000000000
513,051-0015,5,5,48.330686000000000,-101.520217000000000
514,051-0067,UNKNOWN,UNK,48.211744210000000,-101.277799150000000
515,038-0002,25,25,48.763531000000000,-101.503111000000000
516,038-0002,20,20,48.763531000000000,-101.503111000000000
517,045-0008,30,30,46.871140000000000,-102.810601000000000
518,045-0026,64,64,46.908130780000000,-102.790679880000000
519,051-0001,8,8,48.227962000000000,-101.249112000000000
520,051-0002,14,14,48.297973000000000,-101.294833000000000
521,051-0003,UNKNOWN,UNK,48.369006000000000,-101.569711000000000
522,051-0004,4,4,47.804338000000000,-101.676257000000000
523,051-0005,34,34,48.273356000000000,-101.432360000000000
524,051-0006,7,7,48.441580000000000,-101.716661000000000
525,051-0017,28,28,48.559586000000000,-101.967847000000000
526,051-0018,114,114,48.227773000000000,-101.220253000000000
527,051-0019,6,6,47.960747000000000,-101.806259000000000
528,051-0021,82,82,48.258500000000000,-101.297693000000000
529,051-0021,25,25,48.258500000000000,-101.297693000000000
530,051-0022,90,90,48.268966000000000,-101.301052000000000
531,051-0023,262,262,48.222472000000000,-101.252749000000000
532,051-0024,3,3,48.231644000000000,-101.310623000000000
533,051-0025,25,25,48.280158000000000,-101.432570000000000
534,051-0026,86,86,48.374129000000000,-101.299342000000000
535,051-0026,14,14,48.374129000000000,-101.299342000000000
536,051-0027,134,134,48.229806000000000,-101.271329000000000
537,051-0028,42,42,48.211179000000000,-101.252781000000000
538,051-0029,169,169,48.277198000000000,-101.278830000000000
539,051-0030,8,8,47.918886000000000,-101.675377000000000
540,051-0031,96,96,48.226510000000000,-101.252730000000000
541,051-0032,80,80,48.241423000000000,-101.371824000000000
542,051-0033,25,25,48.371757000000000,-101.297991000000000
543,051-0034,8,8,48.223742000000000,-101.319573000000000
544,051-0035,26,26,48.226933000000000,-101.222418000000000
545,051-0058,172,172,48.229624770000000,-101.261174020000000
546,051-0059,130,130,48.261436810000000,-101.332085850000000
547,051-0060,246,246,48.249631880000000,-101.295172620000000
548,051-0061,91,91,48.198712010000000,-101.306765520000000
549,051-0062,46,46,48.212060080000000,-101.295927560000000
550,051-0063,75,75,48.202998740000000,-101.309877150000000
551,051-0064,94,94,48.196559000000000,-101.300049560000000
552,051-0065,58,58,48.249178530000000,-101.295444440000000
553,051-0066,64,64,48.198457070000000,-101.298819220000000
554,027-0096,25,25,47.804851620000000,-103.600535780000000
555,051-0068,42,42,48.685119680000000,-102.082398520000000
556,051-0069,100,100,48.209168430000000,-101.312488620000000
557,051-0070,87,87,48.211716800000000,-101.278932440000000
558,051-0071,176,176,48.208149620000000,-101.306798450000000
559,051-0072,136,136,48.196568270000000,-101.303223020000000
560,051-0073,102,102,48.202692640000000,-101.295915820000000
561,051-0074,UNKNOWN,UNK,48.260590130000000,-101.296109430000000
562,051-0075,10,10,48.368515300000000,-101.570838500000000
563,051-0076,UNKNOWN,UNK,48.236431560000000,-101.124159990000000
564,027-0051,48,48,47.689069200000000,-103.261726730000000
565,027-0052,7,7,47.842782140000000,-103.642400850000000
566,027-0053,36,36,47.804855610000000,-103.594347320000000
567,027-0054,50,50,47.804984300000000,-103.533219440000000
568,027-0055,93,93,47.753305990000000,-103.283240570000000
569,027-0056,7,7,47.877392360000000,-104.026092080000000
570,027-0057,51,51,47.797861700000000,-103.264078260000000
571,027-0058,23,23,47.431652520000000,-103.248279360000000
572,027-0061,61,61,47.733249670000000,-103.540467170000000
573,027-0062,25,25,47.875831770000000,-104.022659080000000
574,027-0063,19,19,47.797847340000000,-103.287682670000000
575,027-0064,5,5,47.797847340000000,-103.287682670000000
576,027-0065,208,208,47.782626450000000,-103.443984870000000
577,027-0067,5,5,47.799345000000000,-103.283109000000000
578,027-0068,6,6,47.799330750000000,-103.276316730000000
579,027-0069,35,35,47.788056660000000,-103.300193120000000
580,027-0070,7,7,47.764829410000000,-103.225905090000000
581,027-0071,9,9,47.821849220000000,-103.282964000000000
582,027-0072,10,10,47.869384730000000,-103.892451340000000
583,027-0073,114,114,47.848239820000000,-103.580833700000000
584,027-0074,17,17,47.848239820000000,-103.580833700000000
585,027-0075,45,45,47.741733340000000,-103.281481170000000
586,027-0076,13,13,47.403598200000000,-103.248038480000000
587,027-0077,68,68,47.833350400000000,-103.644845390000000
588,027-0078,20,20,47.732283760000000,-103.293143170000000
589,027-0079,6,6,47.790235780000000,-103.343911440000000
590,027-0080,63,63,47.804844090000000,-103.600524760000000
591,027-0081,100,100,47.804844090000000,-103.600524760000000
592,027-0082,94,94,47.797881120000000,-103.302316510000000
593,027-0083,51,51,47.787724770000000,-103.026320530000000
594,027-0084,16,16,47.741691890000000,-103.283210420000000
595,027-0085,77,77,47.799455660000000,-103.270092040000000
596,028-0002,20,20,47.637627870000000,-101.420400950000000
597,028-0003,30,30,47.646708790000000,-101.408809660000000
598,028-0004,22,22,47.656444540000000,-101.418448200000000
599,028-0006,16,16,47.824637630000000,-101.299558930000000
600,028-0007,UNKNOWN,UNK,47.818631700000000,-101.303013930000000
601,028-0008,22,22,47.821719570000000,-101.294674470000000
602,029-0025,10,10,47.258654540000000,-101.785577710000000
603,029-0026,17,17,47.381310980000000,-102.078051720000000
604,029-0027,5,5,47.458541240000000,-101.716227580000000
605,031-0097,30,30,48.316959300000000,-102.051697600000000
606,031-0098,48,48,48.374799310000000,-102.766806100000000
607,038-0003,20,20,48.763459030000000,-101.520767340000000
608,045-0047,24,24,46.861676700000000,-103.175634570000000
609,045-0048,6,6,46.882802610000000,-103.200002810000000
610,045-0049,100,100,46.909465950000000,-102.782871790000000
611,045-0050,10,10,46.949502950000000,-102.957776830000000
612,051-0041,102,102,48.199418870000000,-101.296184960000000
613,051-0042,75,75,48.198712010000000,-101.306765520000000
614,051-0043,100,100,48.205868890000000,-101.316240140000000
615,051-0044,80,80,48.196569900000000,-101.303900690000000
616,051-0045,14,14,48.211898030000000,-101.321399960000000
617,051-0046,140,140,48.209753830000000,-101.315903820000000
618,051-0047,88,88,48.209309290000000,-101.313373190000000
619,051-0048,68,68,48.210553190000000,-101.322496960000000
620,051-0049,129,129,48.213968480000000,-101.328724270000000
621,051-0050,82,82,48.210113180000000,-101.298480910000000
622,051-0051,66,66,48.278529960000000,-101.295477540000000
623,051-0052,63,63,48.207285560000000,-101.305610220000000
624,051-0053,34,34,48.231485480000000,-101.264933400000000
625,051-0054,100,100,48.255249360000000,-101.295921800000000
626,051-0055,86,86,48.248549800000000,-101.295638120000000
627,051-0056,20,20,48.221361420000000,-101.296071400000000
628,051-0057,66,66,48.196555130000000,-101.298802700000000
629,004-0024,10,10,47.269672930000000,-103.234474670000000
630,029-0003,3,3,47.288706050000000,-102.061102870000000
631,029-0003,4,4,47.288706050000000,-102.061102870000000
632,013-0027,44,44,47.369934910000000,-102.751933320000000
633,013-0028,30,30,47.369934910000000,-102.751933320000000
634,027-0035,32,32,47.761406900000000,-103.497747340000000
635,027-0008,70,70,47.804301920000000,-103.220871110000000
636,027-0039,6,6,47.804722370000000,-103.269334720000000
637,027-0043,7,7,47.804722370000000,-103.269334720000000
638,027-0020,13,13,47.804723330000000,-103.272664600000000
639,027-0029,748,748,47.783867970000000,-103.300552860000000
640,027-0012,5,5,47.926937680000000,-102.940022720000000
641,053-0113,158,158,48.150297470000000,-103.587196590000000
642,053-0147,415,415,48.244706990000000,-103.618975090000000
643,053-0124,90,90,48.343317380000000,-103.165266810000000
644,053-0171,9,9,48.580959870000000,-103.465645710000000
645,012-0024,20,20,48.913399380000000,-103.290208500000000
646,051-0077,13,13,48.242111870000000,-101.133728050000000
647,051-0078,14,14,47.979192240000000,-101.164099170000000
648,053-0157,24,24,48.239560760000000,-103.893535920000000
649,053-0160,27,27,48.144512460000000,-103.621488500000000
650,053-0161,6,6,48.144512460000000,-103.621488500000000
651,053-0165,5,5,48.144512460000000,-103.621488500000000
652,053-0169,89,89,48.168778240000000,-103.624549900000000
653,053-0170,69,69,48.155667620000000,-103.651778850000000
654,053-0172,122,122,48.166555760000000,-103.641079570000000
655,053-0173,6,6,48.341931760000000,-103.160095970000000
656,053-0174,248,248,48.194650790000000,-103.625335980000000
657,053-0175,437,437,48.233852910000000,-103.614954840000000
658,053-0176,25,25,48.168631650000000,-103.619661090000000
659,005-0012,45,45,48.820722090000000,-100.428930220000000
660,027-0086,12,12,47.799345000000000,-103.283109000000000
661,027-0088,12,12,47.799345000000000,-103.283109000000000
662,027-0089,14,14,47.790299600000000,-103.340010150000000
663,027-0090,20,20,47.811447070000000,-103.262054250000000
664,027-0091,12,12,47.926957390000000,-102.941492380000000
665,027-0092,12,12,47.810392960000000,-103.262049490000000
666,027-0093,6,6,47.849428500000000,-102.941581570000000
667,027-0094,26,26,47.818888320000000,-103.219149560000000
668,027-0097,28,28,47.796769110000000,-103.262286270000000
669,027-0098,6,6,47.796769110000000,-103.262286270000000
670,027-0099,77,77,47.689076740000000,-103.261737640000000
671,029-0028,4,4,47.289723910000000,-102.064607440000000
672,029-0029,91,91,47.321011810000000,-101.381392580000000
673,031-0099,7,7,48.380430610000000,-102.773275030000000
674,045-0051,6,6,46.901930970000000,-102.419101550000000
675,053-0177,5,5,48.342317410000000,-103.165610850000000
676,053-0178,72,72,48.140319520000000,-103.841516320000000
677,053-0179,266,266,48.293851370000000,-103.694445890000000
678,004-0025,226,226,46.921678000000000,-103.531010000000000
679,004-0026,6,6,46.992475000000000,-103.086594000000000
680,027-0087,96,96,47.750542000000000,-103.288306000000000
681,027-0095,UNKNOWN,UNK,47.384417000000000,-103.239822000000000
682,001-0001,25,25,45.988474230000000,-102.880869290000000
683,045-0028,150,150,46.906866600000000,-102.776417800000000
684,045-0028,50,50,46.906866620000000,-102.776417930000000
685,045-0022,18,18,46.881900590000000,-103.204783320000000
686,045-0024,14,14,46.886825740000000,-102.309389070000000
687,045-0024,6,6,46.886825740000000,-102.309389070000000
688,017-0009,16,16,46.935300850000000,-104.007763760000000
689,029-0002,10,10,47.258662160000000,-101.785749710000000
